therapeutic_area,approval_rate
Cardiovascular,0.0
Dermatology,0.7049180327868853
Gastroenterology,0.5517241379310345
Immunology,0.2857142857142857
Musculoskeletal,0.48
Neurology,0.6388888888888888
Oncology,0.3469945355191257
Other,0.38461538461538464
Psychiatry,0.16
Respiratory,0.4864864864864865
Rheumatology,1.0
